{
  "homography": [
    [
      -0.6960958661158719,
      -5.650387205292688,
      892.5990743057062
    ],
    [
      0.9391531776316498,
      -3.134614966424071,
      58.10087291195865
    ],
    [
      -0.005408809038162094,
      -0.06385013397602474,
      1.0
    ]
  ],
  "image_points": [
    [
      411.40460344215967,
      141.83622750895046
    ],
    [
      487.4932014800118,
      164.4988667224722
    ],
    [
      261.3183329611969,
      166.3237075627331
    ],
    [
      309.60585551637195,
      194.4083896791647
    ]
  ],
  "court_points": [
    [
      19.0,
      0.0
    ],
    [
      31.0,
      0.0
    ],
    [
      19.0,
      19.0
    ],
    [
      31.0,
      19.0
    ]
  ]
}