{
  "homography": [
    [
      0.06665124878807227,
      0.41434632911417274,
      -69.09014024468739
    ],
    [
      -0.07369175698762157,
      0.12308742319999186,
      16.496480308539276
    ],
    [
      0.00029895537560970843,
      -0.0011480439348809876,
      1.0
    ]
  ],
  "image_points": [
    [
      439.0,
      130.0
    ],
    [
      501.0,
      163.0
    ],
    [
      258.0,
      162.0
    ],
    [
      306.0,
      193.0
    ]
  ],
  "court_points": [
    [
      17.0,
      0.0
    ],
    [
      33.0,
      0.0
    ],
    [
      17.0,
      19.0
    ],
    [
      33.0,
      19.0
    ]
  ]
}